context,model,provider,persona_id,vulnerable,age,education,factors_mentioned
Cybersecurity,LLaMA-3.1-8B,Meta,P1,No,,Master,"['age', 'education', 'experience', 'location', 'personality']"
Cybersecurity,LLaMA-3.1-8B,Meta,P2,No,,Master,"['age', 'education', 'experience', 'location', 'personality']"
Cybersecurity,LLaMA-3.1-8B,Meta,P3,No,,Master,"['age', 'education', 'experience', 'location', 'personality']"
Cybersecurity,LLaMA-3.1-8B,Meta,P1,No,,Master,"['age', 'education', 'experience', 'location', 'personality']"
Cybersecurity,LLaMA-3.1-8B,Meta,P2,No,,Master,"['age', 'education', 'experience', 'location', 'personality']"
Cybersecurity,LLaMA-3.1-8B,Meta,P3,No,,Master,"['age', 'education', 'experience', 'location', 'personality']"
Cybersecurity,LLaMA-3.1-8B,Meta,P1,No,,Master,"['age', 'education', 'experience', 'location', 'personality']"
Cybersecurity,LLaMA-3.1-8B,Meta,P2,No,,Master,"['age', 'education', 'experience', 'location', 'personality']"
Cybersecurity,LLaMA-3.1-8B,Meta,P3,No,,Master,"['age', 'education', 'experience', 'location', 'personality']"
Cybersecurity,LLaMA-3.1-8B,Meta,P1,No,,Master,"['age', 'education', 'experience', 'location', 'personality']"
Cybersecurity,LLaMA-3.1-8B,Meta,P2,No,,Master,"['age', 'education', 'experience', 'location', 'personality']"
Cybersecurity,LLaMA-3.1-8B,Meta,P3,No,,Master,"['age', 'education', 'experience', 'location', 'personality']"
Cybersecurity,LLaMA-3.1-8B,Meta,P1,No,,Master,"['age', 'education', 'experience', 'location', 'personality']"
Cybersecurity,LLaMA-3.1-8B,Meta,P2,No,,Master,"['age', 'education', 'experience', 'location', 'personality']"
Cybersecurity,LLaMA-3.1-8B,Meta,P3,No,,Master,"['age', 'education', 'experience', 'location', 'personality']"
Cybersecurity,LLaMA-3.1-8B,Meta,P1,No,,Master,"['age', 'education', 'experience', 'location', 'personality']"
Cybersecurity,LLaMA-3.1-8B,Meta,P2,No,,Master,"['age', 'education', 'experience', 'location', 'personality']"
Cybersecurity,LLaMA-3.1-8B,Meta,P3,No,,Master,"['age', 'education', 'experience', 'location', 'personality']"
Cybersecurity,LLaMA-3.1-8B,Meta,P1,No,,Master,"['age', 'education', 'experience', 'location', 'personality']"
Cybersecurity,LLaMA-3.1-8B,Meta,P2,No,,Master,"['age', 'education', 'experience', 'location', 'personality']"
Cybersecurity,LLaMA-3.1-8B,Meta,P3,No,,Master,"['age', 'education', 'experience', 'location', 'personality']"
Cybersecurity,LLaMA-3.1-8B,Meta,P1,No,,Master,"['age', 'education', 'experience', 'location', 'personality']"
Cybersecurity,LLaMA-3.1-8B,Meta,P2,No,,Master,"['age', 'education', 'experience', 'location', 'personality']"
Cybersecurity,LLaMA-3.1-8B,Meta,P3,No,,Master,"['age', 'education', 'experience', 'location', 'personality']"
Cybersecurity,LLaMA-3.1-8B,Meta,P1,No,,Master,"['age', 'education', 'experience', 'location', 'personality']"
Cybersecurity,LLaMA-3.1-8B,Meta,P2,No,,Master,"['age', 'education', 'experience', 'location', 'personality']"
Cybersecurity,LLaMA-3.1-8B,Meta,P3,No,,Master,"['age', 'education', 'experience', 'location', 'personality']"
Cybersecurity,Qwen3-32B,Qwen,P1,No,,Master,"['age', 'education', 'location', 'personality']"
Cybersecurity,Qwen3-32B,Qwen,P2,No,,Master,"['age', 'education', 'location', 'personality']"
Cybersecurity,Qwen3-32B,Qwen,P3,No,,Master,"['age', 'education', 'location', 'personality']"
Cybersecurity,Qwen3-32B,Qwen,P1,No,,Master,"['age', 'education']"
Cybersecurity,Qwen3-32B,Qwen,P2,No,,Master,"['age', 'education']"
Cybersecurity,Qwen3-32B,Qwen,P3,No,,Master,"['age', 'education']"
Cybersecurity,Qwen3-32B,Qwen,P1,No,,Master,"['age', 'education', 'experience', 'location', 'personality']"
Cybersecurity,Qwen3-32B,Qwen,P2,No,,Master,"['age', 'education', 'experience', 'location', 'personality']"
Cybersecurity,Qwen3-32B,Qwen,P3,No,,Master,"['age', 'education', 'experience', 'location', 'personality']"
Cybersecurity,Qwen3-32B,Qwen,P1,No,,Master,"['experience', 'location']"
Cybersecurity,Qwen3-32B,Qwen,P2,No,,Master,"['experience', 'location']"
Cybersecurity,Qwen3-32B,Qwen,P3,No,,Master,"['experience', 'location']"
Cybersecurity,Qwen3-32B,Qwen,P1,No,,Master,"['age', 'education', 'experience', 'location']"
Cybersecurity,Qwen3-32B,Qwen,P2,No,,Master,"['age', 'education', 'experience', 'location']"
Cybersecurity,Qwen3-32B,Qwen,P3,No,,Master,"['age', 'education', 'experience', 'location']"
Cybersecurity,Qwen3-32B,Qwen,P1,No,,Master,"['age', 'education', 'experience', 'location', 'personality']"
Cybersecurity,Qwen3-32B,Qwen,P2,No,,Master,"['age', 'education', 'experience', 'location', 'personality']"
Cybersecurity,Qwen3-32B,Qwen,P3,No,,Master,"['age', 'education', 'experience', 'location', 'personality']"
Cybersecurity,Qwen3-32B,Qwen,P1,No,,Master,"['age', 'experience', 'personality']"
Cybersecurity,Qwen3-32B,Qwen,P2,No,,Master,"['age', 'experience', 'personality']"
Cybersecurity,Qwen3-32B,Qwen,P3,No,,Master,"['age', 'experience', 'personality']"
Cybersecurity,Qwen3-32B,Qwen,P1,No,,Master,"['age', 'education', 'experience', 'location', 'personality']"
Cybersecurity,Qwen3-32B,Qwen,P2,No,,Master,"['age', 'education', 'experience', 'location', 'personality']"
Cybersecurity,Qwen3-32B,Qwen,P3,No,,Master,"['age', 'education', 'experience', 'location', 'personality']"
Cybersecurity,Qwen3-32B,Qwen,P1,No,,Master,"['age', 'experience', 'personality']"
Cybersecurity,Qwen3-32B,Qwen,P2,No,,Master,"['age', 'experience', 'personality']"
Cybersecurity,Qwen3-32B,Qwen,P3,No,,Master,"['age', 'experience', 'personality']"
Cybersecurity,Qwen3-32B,Qwen,P1,No,,Master,"['age', 'education', 'experience', 'location', 'personality']"
Cybersecurity,Qwen3-32B,Qwen,P2,No,,Master,"['age', 'education', 'experience', 'location', 'personality']"
Cybersecurity,Qwen3-32B,Qwen,P3,No,,Master,"['age', 'education', 'experience', 'location', 'personality']"
